{
  "XGBoost": {
    "model_name": "XGBoost",
    "accuracy": 0.5074,
    "macro_precision": 0.5035824755208129,
    "macro_recall": 0.5074,
    "macro_f1": 0.5037933265426551,
    "per_class_precision": [
      0.5534167468719923,
      0.6042726347914548,
      0.413472706155633,
      0.375,
      0.4484304932735426,
      0.4418367346938776,
      0.5162337662337663,
      0.5772727272727273,
      0.5904159132007233,
      0.515473032714412
    ],
    "per_class_recall": [
      0.575,
      0.594,
      0.356,
      0.336,
      0.4,
      0.433,
      0.636,
      0.508,
      0.653,
      0.583
    ],
    "per_class_f1": [
      0.5640019617459539,
      0.5990922844175491,
      0.3825900053734551,
      0.35443037974683544,
      0.42283298097251587,
      0.43737373737373736,
      0.5698924731182796,
      0.5404255319148936,
      0.6201329534662868,
      0.5471609572970436
    ],
    "per_class_support": [
      1000,
      1000,
      1000,
      1000,
      1000,
      1000,
      1000,
      1000,
      1000,
      1000
    ],
    "confusion_matrix": [
      [
        575,
        38,
        60,
        20,
        30,
        10,
        21,
        21,
        171,
        54
      ],
      [
        29,
        594,
        11,
        34,
        15,
        23,
        19,
        21,
        66,
        188
      ],
      [
        95,
        35,
        356,
        83,
        136,
        86,
        109,
        54,
        23,
        23
      ],
      [
        51,
        17,
        76,
        336,
        68,
        195,
        133,
        39,
        22,
        63
      ],
      [
        56,
        13,
        140,
        53,
        400,
        53,
        151,
        92,
        28,
        14
      ],
      [
        27,
        11,
        75,
        180,
        55,
        433,
        83,
        71,
        39,
        26
      ],
      [
        8,
        19,
        76,
        70,
        81,
        42,
        636,
        29,
        13,
        26
      ],
      [
        49,
        27,
        43,
        60,
        78,
        93,
        37,
        508,
        20,
        85
      ],
      [
        98,
        77,
        11,
        22,
        17,
        23,
        14,
        16,
        653,
        69
      ],
      [
        51,
        152,
        13,
        38,
        12,
        22,
        29,
        29,
        71,
        583
      ]
    ],
    "training_time": 1031.4186527729034,
    "prediction_time": 0.0955052375793457,
    "class_names": [
      "airplane",
      "automobile",
      "bird",
      "cat",
      "deer",
      "dog",
      "frog",
      "horse",
      "ship",
      "truck"
    ]
  },
  "LightGBM": {
    "model_name": "LightGBM",
    "accuracy": 0.512,
    "macro_precision": 0.5086881686276281,
    "macro_recall": 0.512,
    "macro_f1": 0.5092927708677871,
    "per_class_precision": [
      0.5647279549718575,
      0.6128702757916241,
      0.42638398115429915,
      0.371875,
      0.4413716814159292,
      0.4348677766895201,
      0.5338142470694319,
      0.5598669623059866,
      0.61054579093432,
      0.5305580159433126
    ],
    "per_class_recall": [
      0.602,
      0.6,
      0.362,
      0.357,
      0.399,
      0.444,
      0.592,
      0.505,
      0.66,
      0.599
    ],
    "per_class_f1": [
      0.5827686350435625,
      0.6063668519454269,
      0.39156300703082747,
      0.36428571428571427,
      0.41911764705882354,
      0.4393864423552697,
      0.5614035087719298,
      0.5310199789695058,
      0.6343104276790005,
      0.5627054955378111
    ],
    "per_class_support": [
      1000,
      1000,
      1000,
      1000,
      1000,
      1000,
      1000,
      1000,
      1000,
      1000
    ],
    "confusion_matrix": [
      [
        602,
        28,
        53,
        22,
        22,
        18,
        23,
        21,
        157,
        54
      ],
      [
        45,
        600,
        9,
        28,
        11,
        21,
        11,
        24,
        60,
        191
      ],
      [
        93,
        27,
        362,
        81,
        141,
        81,
        111,
        56,
        23,
        25
      ],
      [
        46,
        18,
        70,
        357,
        65,
        215,
        111,
        42,
        26,
        50
      ],
      [
        61,
        14,
        144,
        66,
        399,
        53,
        121,
        104,
        25,
        13
      ],
      [
        29,
        18,
        66,
        192,
        57,
        444,
        64,
        77,
        30,
        23
      ],
      [
        4,
        19,
        86,
        100,
        94,
        44,
        592,
        25,
        13,
        23
      ],
      [
        40,
        29,
        38,
        61,
        83,
        105,
        39,
        505,
        19,
        81
      ],
      [
        99,
        80,
        6,
        20,
        17,
        19,
        16,
        13,
        660,
        70
      ],
      [
        47,
        146,
        15,
        33,
        15,
        21,
        21,
        35,
        68,
        599
      ]
    ],
    "training_time": 156.4711194038391,
    "prediction_time": 0.09818267822265625,
    "class_names": [
      "airplane",
      "automobile",
      "bird",
      "cat",
      "deer",
      "dog",
      "frog",
      "horse",
      "ship",
      "truck"
    ]
  },
  "CatBoost": {
    "model_name": "CatBoost",
    "accuracy": 0.4594,
    "macro_precision": 0.4534120085036978,
    "macro_recall": 0.45940000000000003,
    "macro_f1": 0.4534307753445427,
    "per_class_precision": [
      0.5253549695740365,
      0.5538617886178862,
      0.3723958333333333,
      0.3407202216066482,
      0.40081799591002043,
      0.43555555555555553,
      0.4364051789794364,
      0.47041707080504364,
      0.5299219427580225,
      0.46866952789699573
    ],
    "per_class_recall": [
      0.518,
      0.545,
      0.286,
      0.246,
      0.392,
      0.392,
      0.573,
      0.485,
      0.611,
      0.546
    ],
    "per_class_f1": [
      0.5216515609264853,
      0.5493951612903226,
      0.3235294117647059,
      0.2857142857142857,
      0.39635995955510617,
      0.4126315789473684,
      0.49546044098573283,
      0.4775972427375677,
      0.5675801207617278,
      0.5043879907621247
    ],
    "per_class_support": [
      1000,
      1000,
      1000,
      1000,
      1000,
      1000,
      1000,
      1000,
      1000,
      1000
    ],